,GPA_HIGHSCHOOL,Prior_Hours,ReFirstMathCrs,ReFirstMathCrsGrade,UWFHour1stTerm,UWFGPA1stTerm,Drop1stYear
1,4.12,25,MAC1147,A_range,17,3.629411765,Retained
2,3.47,3,MAC1147,A_range,13,3.930769231,Retained
3,4,37,MAC2311/UP,A_range,15,3.72,Retained
4,3.46,0,MAC1147,B_range,13,2.946153846,Retained
5,4.11,0,MAC1105/C,Failed,13,2.461538462,Retained
6,2.6,7,MAC1105/C,B_range,9,2,Retained
7,4.02,50,NoAttempt,NoAttempt,12,1.925,Retained
8,4.49,60,MAC2311/UP,C_range,8,2.8125,Retained
9,3.75,9,MAC1147,B_range,12,3.233333333,Retained
10,3.6,44,MAC2311/UP,A_range,12,3.666666667,Dropped
11,4.02,6,MAC1105/C,B_range,12,2.658333333,Retained
12,3.13,14,MAC1147,C_range,20,2.03,Dropped
13,3.8,6,MAC1147,B_range,15,2.946666667,Retained
14,4,10,NoAttempt,NoAttempt,14,3.714285714,Retained
15,4.24,12,MAC1147,A_range,15,4,Retained
16,3.78,10,MAC1105/C,A_range,13,2.915384615,Dropped
17,3.3,0,MAC1105/C,Withdrawn,6,2,Retained
18,4.13,0,MAC1105/C,A_range,15,4,Retained
19,3.57,20,NoAttempt,NoAttempt,14,3.65,Retained
20,5,13,MAC1105/C,B_range,14,3.292857143,Dropped
21,3,0,MAC1105/C,B_range,15,2.446666667,Retained
22,3.9,19,MAC2311/UP,A_range,13,3.7,Retained
23,3.76,28,MAC1147,Withdrawn,6,1.5,Dropped
24,3.63,15,MAC1147,C_range,14,2.871428571,Retained
25,4.22,3,MAC1105/C,C_range,12,2,Retained
26,4.07,3,MAC1147,B_range,13,3.784615385,Retained
27,3.73,0,MAC1147,B_range,13,2.823076923,Retained
28,3.7,0,MAC1105/C,B_range,13,3.069230769,Retained
29,4.41,0,MAC1147,C_range,12,2.533333333,Dropped
30,4.1,6,MAC1147,A_range,15,3.546666667,Retained
31,2,0,MAC1105/C,Failed,10,0,Dropped
32,3,0,MAC1147,C_range,13,2.923076923,Retained
33,4.56,15,MAC1147,B_range,13,3.715384615,Retained
34,4.07,43,NoAttempt,NoAttempt,11,2.990909091,Retained
35,2.64,12,MAC1147,B_range,15,2.26,Retained
36,3.31,6,NoAttempt,NoAttempt,14,2.935714286,Retained
37,4.18,0,MAC1105/C,A_range,13,3.553846154,Retained
38,4.24,39,MAC1147,A_range,15,4,Retained
39,3.54,6,MAC1105/C,C_range,13,1.7,Dropped
40,3.93,0,NoAttempt,NoAttempt,13,3.530769231,Retained
41,4.09,27,MAC1147,C_range,12,2.8,Retained
42,3.44,14,MAC1147,Failed,15,1.2,Dropped
43,4.12,15,MAC2311/UP,Failed,15,2.466666667,Retained
44,3.51,15,MAC1147,A_range,16,3.29375,Retained
45,3.47,19,MAC1147,Failed,14,1.214285714,Dropped
46,3.92,0,MAC1105/C,A_range,13,3.930769231,Retained
47,3.59,0,MAC1147,A_range,14,3.8,Retained
48,3.92,18,MAC1147,B_range,15,3.146666667,Retained
49,2.89,3,MAC1105/C,Failed,7,1.157142857,Retained
50,4.65,26,MAC1147,A_range,14,3.564285714,Retained
51,3.92,0,MAC1147,B_range,15,2.746666667,Dropped
53,3.97,23,MAC1147,B_range,13,2.992307692,Retained
54,3.88,9,MAC1147,Failed,12,1.825,Retained
55,4.03,6,MAC2311/UP,Failed,16,2.11875,Retained
56,4.47,12,MAC1147,A_range,13,4,Retained
57,3.97,9,MAC1147,A_range,15,3.673333333,Retained
58,3.62,0,MAC1147,B_range,13,2.838461538,Retained
59,2.93,0,MAC1105/C,B_range,13,3.069230769,Retained
60,2.97,0,MAC1147,Withdrawn,6,0,Dropped
61,4.29,0,MAC1147,A_range,13,2.453846154,Retained
62,4.44,3,MAC2311/UP,A_range,15,3.66,Retained
63,3.84,0,MAC1105/C,A_range,14,3.271428571,Retained
64,4.75,32,MAC2311/UP,A_range,14,3.85,Retained
65,4.16,6,MAC1140/14,B_range,14,3.214285714,Retained
66,3.6,0,NoAttempt,NoAttempt,12,2.15,Retained
67,3.56,22,MAC1140/14,B_range,13,3.230769231,Retained
68,2.3,4,MAC1147,B_range,14,3.264285714,Retained
69,3.29,0,MAC1147,Withdrawn,3,2,Retained
70,2.78,4,MAC1147,Failed,12,0.408333333,Dropped
71,4.58,40,NoAttempt,NoAttempt,12,3.491666667,Retained
72,4.06,28,MAC1147,A_range,13,3.930769231,Retained
73,2.45,0,NoAttempt,NoAttempt,14,2.935714286,Dropped
74,3.81,36,MAC1147,B_range,14,3.128571429,Retained
75,4.02,27,MAC2311/UP,A_range,12,3.583333333,Retained
76,3.93,47,MAC2311/UP,Failed,13,0.923076923,Dropped
77,3.5,0,MAC1147,C_range,13,2.323076923,Dropped
78,2.4,11,MAC1105/C,B_range,12,2.333333333,Retained
79,4.28,60,MAC1147,A_range,13,3.053846154,Dropped
80,4.05,6,MAC1105/C,C_range,14,2.442857143,Retained
81,3.76,6,MAC1147,Withdrawn,12,2.425,Dropped
82,4.18,22,MAC2311/UP,B_range,16,3.575,Retained
83,4.26,28,MAC2311/UP,C_range,12,3.008333333,Retained
84,4.02,41,MAC1147,C_range,12,2.516666667,Retained
85,2.9,0,MAC1147,C_range,13,2.530769231,Retained
86,4.68,10,MAC1147,A_range,12,4,Retained
87,3.28,0,MAC1147,B_range,13,3.461538462,Retained
88,4.39,22,MAC2311/UP,A_range,14,3.078571429,Retained
89,4.2,10,NoAttempt,NoAttempt,13,3.584615385,Retained
90,3.81,0,MAC1147,C_range,14,1.842857143,Retained
91,3.19,12,MAC1147,B_range,16,3.31875,Retained
92,2.79,0,MAC1147,C_range,15,2.386666667,Retained
93,3.91,0,MAC1147,C_range,14,2.585714286,Retained
94,3.66,33,MAC1147,B_range,16,3.3,Retained
95,3.52,3,MAC1105/C,C_range,13,2.307692308,Retained
96,3.93,3,MAC1147,B_range,14,3.371428571,Retained
97,4.09,13,MAC2311/UP,C_range,15,3.16,Retained
98,3.61,7,MAC1147,Failed,11,1.545454545,Retained
99,3.02,11,MAC1105/C,Failed,12,0.666666667,Retained
100,4,26,MAC1147,A_range,13,3.946153846,Retained
101,4.4,16,MAC1147,B_range,13,3.476923077,Retained
102,3.37,13,MAC2311/UP,C_range,14,3.078571429,Retained
103,3.56,34,MAC2311/UP,A_range,13,3.469230769,Retained
104,3.39,9,NoAttempt,NoAttempt,12,3.5,Dropped
105,3.76,12,MAC1147,A_range,13,3.7,Retained
106,3.6,3,MAC1105/C,A_range,14,3.264285714,Retained
107,2.74,4,MAC1105/C,Withdrawn,3,0,Dropped
108,4.2,16,MAC1105/C,Withdrawn,11,2.945454545,Dropped
109,4.73,66,MAC1147,A_range,13,3.907692308,Retained
110,3.77,0,MAC1147,A_range,14,3.914285714,Retained
111,4.67,36,MAC1147,B_range,15,2.986666667,Retained
112,3.9,9,MAC1147,C_range,14,2.728571429,Retained
113,4.34,0,MAC1147,A_range,14,3.735714286,Retained
114,4.18,23,MAC1140/14,Withdrawn,5,0,Dropped
115,3.94,12,MAC1147,A_range,12,3.316666667,Retained
116,4.43,23,NoAttempt,NoAttempt,16,3.675,Retained
117,3.32,6,MAC1147,A_range,13,3.769230769,Retained
118,4.28,33,MAC1147,B_range,15,3.286666667,Retained
119,4.24,9,MAC1147,A_range,14,3.65,Retained
120,4.32,57,MAC1147,C_range,12,2.325,Retained
121,3.95,6,MAC1147,C_range,12,2.758333333,Retained
122,4.39,25,MAC2311/UP,B_range,15,2.74,Retained
123,4.58,43,MAC1147,A_range,13,4,Retained
124,4.04,40,MAC2311/UP,Withdrawn,9,2.2,Dropped
125,2.11,0,MAC1105/C,Failed,10,0,Dropped
126,3.47,0,MAC1105/C,A_range,10,3.4,Retained
127,3.42,9,MAC1105/C,C_range,12,2.458333333,Retained
128,2.75,0,MAC1147,Withdrawn,3,0,Dropped
129,4.39,28,MAC1140/14,B_range,10,3.42,Retained
130,2.86,0,MAC1147,C_range,12,2.475,Retained
131,4.37,18,MAC2311/UP,B_range,14,3.435714286,Retained
132,3.93,0,MAC1147,C_range,13,2.069230769,Retained
133,3.92,3,MAC1147,A_range,14,3.578571429,Retained
134,4.25,24,MAC2311/UP,Failed,12,1.6,Dropped
135,3.13,6,MAC1147,A_range,14,3.421428571,Retained
136,3.68,31,MAC1147,Failed,13,0,Dropped
137,3.88,54,NoAttempt,NoAttempt,13,3.469230769,Retained
138,3.14,9,MAC1105/C,C_range,14,2.692857143,Retained
139,3.12,6,MAC1105/C,Withdrawn,3,0,Dropped
140,3.03,0,MAC1147,C_range,9,2.544444444,Retained
141,3.62,6,MAC1147,Failed,13,0,Retained
142,4.22,0,MAC1147,Withdrawn,8,2.2625,Retained
143,4.41,43,MAC2311/UP,B_range,14,3.214285714,Retained
144,3.96,37,MAC1147,A_range,14,4,Retained
145,5.07,76,NoAttempt,NoAttempt,4,2.475,Dropped
146,3.8,15,MAC1147,A_range,14,3.721428571,Retained
147,3.05,3,MAC1147,C_range,13,2.553846154,Retained
148,3.98,10,MAC2311/UP,A_range,15,4,Retained
149,3.43,31,MAC1147,Withdrawn,11,1.8,Dropped
150,4.31,31,MAC1147,C_range,15,2.806666667,Retained
151,2.95,0,MAC1105/C,C_range,15,1.68,Dropped
152,2.9,0,MAC1147,Failed,13,2.246153846,Dropped
153,3.54,3,MAC1147,B_range,14,3.2,Retained
154,4.02,0,MAC1147,A_range,15,2.74,Retained
155,4.07,9,MAC1140/14,A_range,14,3.514285714,Retained
156,3.8,9,MAC1147,B_range,13,3.084615385,Retained
157,3.84,19,NoAttempt,NoAttempt,12,3.75,Retained
158,3.54,0,MAC1105/C,C_range,14,2.421428571,Retained
159,3.53,0,NoAttempt,NoAttempt,15,3.646666667,Retained
160,4.61,12,MAC1147,A_range,13,3.930769231,Retained
161,4.73,98,NoAttempt,NoAttempt,13,3.853846154,Retained
162,3.34,30,MAC1147,B_range,15,3.333333333,Retained
163,3.33,0,MAC1147,Failed,14,1.857142857,Retained
164,3.65,0,MAC1147,C_range,14,2.65,Retained
165,4.8,44,MAC1147,A_range,13,4,Retained
166,4.02,71,NoAttempt,NoAttempt,9,2.233333333,Retained
167,3.42,15,NoAttempt,NoAttempt,12,1.5,Retained
168,4.23,32,MAC1147,A_range,16,3.21875,Retained
169,4.44,29,MAC1105/C,A_range,14,3.864285714,Retained
170,3.94,6,MAC2311/UP,B_range,12,2.916666667,Retained
171,2.3,7,MAC1105/C,Withdrawn,4,2,Retained
172,3.3,12,MAC1147,Failed,15,2.006666667,Retained
173,3.33,0,MAC1105/C,B_range,14,3.157142857,Retained
174,3.34,0,MAC1147,B_range,14,3.214285714,Retained
175,3.83,9,MAC1147,C_range,15,2.213333333,Retained
176,3.6,0,MAC1105/C,A_range,13,2.846153846,Retained
177,3.43,0,MAC1105/C,B_range,14,2.707142857,Retained
178,4.01,61,MAC1147,A_range,13,3.930769231,Retained
179,3.7,10,MAC1105/C,C_range,13,1.861538462,Dropped
180,3.8,25,MAC1147,C_range,12,2.691666667,Retained
181,3,0,MAC1147,Withdrawn,0,0,Dropped
182,4.07,12,MAC1147,A_range,15,3.46,Retained
183,4.69,33,MAC1147,Withdrawn,12,3.725,Retained
184,3.58,0,MAC1147,B_range,14,2.907142857,Retained
185,4.02,3,MAC1147,B_range,13,2.769230769,Retained
186,3.71,9,MAC1105/C,B_range,13,3.161538462,Retained
187,3.43,12,MAC1105/C,C_range,15,1.553333333,Retained
188,4.21,52,MAC1147,C_range,17,2.835294118,Retained
189,4.32,33,NoAttempt,NoAttempt,14,3.221428571,Retained
190,2.68,0,MAC1105/C,Failed,13,2.615384615,Retained
191,3.26,11,MAC1105/C,C_range,15,2.133333333,Retained
192,4.6,63,MAC1147,A_range,15,4,Retained
193,4.39,61,MAC1147,B_range,12,3.316666667,Retained
194,3.15,30,MAC1147,A_range,13,3.1,Retained
195,4,44,MAC2311/UP,Failed,14,2.478571429,Retained
196,4.24,0,MAC1147,A_range,14,3.65,Retained
197,4,9,MAC2311/UP,C_range,12,3.108333333,Dropped
198,4.56,13,MAC1147,A_range,14,3.65,Retained
199,3.73,0,MAC1147,B_range,15,3.233333333,Retained
200,4.06,10,MAC1105/C,B_range,10,2.52,Retained
201,3.49,0,MAC1147,Withdrawn,10,3.1,Retained
202,4.6,28,NoAttempt,NoAttempt,14,3.721428571,Retained
203,3.9,23.3,MAC1147,A_range,12,3.183333333,Retained
204,3.64,15,MAC2311/UP,C_range,13,2.715384615,Dropped
205,3.31,3,MAC1147,B_range,15,3.126666667,Retained
206,3.23,0,MAC2311/UP,Withdrawn,9,2.233333333,Retained
207,3.53,6,MAC1105/C,A_range,14,3.8,Dropped
208,3.5,0,NoAttempt,NoAttempt,13,3.246153846,Retained
209,4.07,28,NoAttempt,NoAttempt,12,4,Retained
210,3.57,60,MAC1140/14,C_range,11,1.818181818,Retained
211,4.16,20,MAC1147,Withdrawn,8,2.3,Retained
212,4.67,60,MAC2311/UP,A_range,12,3.925,Dropped
213,3.3,0,MAC1105/C,C_range,14,2.364285714,Retained
214,2.94,16,MAC1147,C_range,14,2.514285714,Retained
215,4.24,3,MAC1147,B_range,13,3.323076923,Dropped
216,2.79,19,MAC1147,C_range,15,2.626666667,Retained
217,3.39,0,MAC1147,B_range,14,3.157142857,Retained
218,3.93,27,MAC1147,B_range,12,3.241666667,Retained
219,3.1,0,MAC1147,Failed,15,2.14,Retained
220,3.3,12,MAC1147,A_range,14,3.935714286,Retained
221,2.21,0,MAC1105/C,B_range,14,2.571428571,Dropped
222,2.99,10,MAC1147,C_range,13,1.538461538,Dropped
223,4.68,43,MAC2311/UP,A_range,15,3.813333333,Retained
224,3.78,88,MAC2311/UP,Withdrawn,10,3,Retained
225,3.89,0,MAC1147,A_range,14,3.785714286,Retained
226,4.13,6,MAC2311/UP,A_range,13,3.469230769,Retained
227,4.7,0,MAC1147,A_range,14,3.785714286,Retained
228,4.59,68,MAC2311/UP,A_range,12,3.416666667,Retained
229,4.44,6,MAC1105/C,A_range,14,3.421428571,Retained
230,4.25,18,MAC2311/UP,Failed,12,2.475,Retained
231,3.76,0,MAC1147,Withdrawn,0,0,Dropped
232,3.72,13,MAC1147,B_range,14,3.342857143,Retained
233,2.34,3,MAC1147,Withdrawn,4,1.5,Dropped
234,3.71,44,MAC1147,C_range,13,2,Retained
235,4.03,0,MAC1147,A_range,15,4,Retained
236,4.64,81,NoAttempt,NoAttempt,14,3.935714286,Retained
237,4.94,3,MAC1147,B_range,13,3.3,Retained
238,3.21,22,MAC1105/C,B_range,14,3.392857143,Retained
239,4.21,62,NoAttempt,NoAttempt,13,2.784615385,Retained
240,4.53,13,MAC2311/UP,B_range,12,3.416666667,Retained
241,4.19,3,MAC1147,A_range,16,3.625,Retained
242,4.07,6,MAC1140/14,B_range,14,2.992857143,Retained
243,3.34,31,MAC1105/C,C_range,8,2.85,Retained
244,3.87,15,MAC1147,C_range,12,1.541666667,Dropped
245,4.51,39,NoAttempt,NoAttempt,13,3.623076923,Retained
246,3.55,0,MAC1105/C,Withdrawn,4,0,Dropped
247,4.6,43,MAC2311/UP,C_range,13,3.1,Retained
248,4.31,3,MAC1147,A_range,14,4,Retained
249,2.9,13,MAC1147,Withdrawn,0,0,Dropped
250,3.85,16,MAC1147,B_range,15,3.593333333,Retained
251,2.7,1,MAC1147,Failed,11,0.663636364,Dropped
252,2.78,6,MAC1147,Failed,16,0.80625,Dropped
253,3.64,12,NoAttempt,NoAttempt,15,2.4,Retained
254,3.08,7,NoAttempt,NoAttempt,0,0,Dropped
255,3.93,60,MAC2311/UP,C_range,11,2.536363636,Retained
256,3.72,18,MAC1105/C,Withdrawn,6,2.85,Retained
257,4.46,24,MAC1140/14,C_range,14,2.8,Retained
258,3.83,12,NoAttempt,NoAttempt,13,3.630769231,Retained
259,3.45,15,MAC1147,A_range,13,3.146153846,Dropped
260,3.5,0,MAC1147,C_range,13,2.207692308,Retained
261,3.33,0,MAC1147,A_range,14,3.457142857,Retained
262,4.12,89,NoAttempt,NoAttempt,15,3.46,Retained
263,3.27,64,MAC1147,Failed,15,2.146666667,Retained
264,3,12,MAC1147,Failed,14,2.142857143,Retained
265,4.08,37,MAC1147,A_range,14,3.635714286,Retained
266,2.92,19,MAC1147,Withdrawn,8,1.525,Dropped
267,3.76,6,NoAttempt,NoAttempt,15,3.34,Retained
268,3.07,9,MAC1147,C_range,12,2.633333333,Retained
269,4.2,49,NoAttempt,NoAttempt,13,0.130769231,Dropped
270,3.23,0,MAC1147,C_range,14,2.4,Retained
271,3.89,21,MAC1147,B_range,13,2.776923077,Retained
272,4,29,MAC1147,A_range,15,3.613333333,Dropped
273,4.24,7,MAC2311/UP,C_range,12,2.575,Retained
274,3.63,20,MAC1147,A_range,13,3.946153846,Retained
275,4.05,9,MAC1147,A_range,13,3.076923077,Retained
276,3.89,21,MAC2311/UP,C_range,12,3.025,Retained
277,2.62,6,MAC1147,C_range,14,2.157142857,Dropped
278,4.41,26,MAC2311/UP,B_range,14,2.571428571,Retained
279,3.45,7,NoAttempt,NoAttempt,14,3.571428571,Retained
280,4.4,62,MAC2311/UP,A_range,17,4,Dropped
281,4.17,40,MAC1147,Failed,14,1.285714286,Dropped
282,4.18,22,MAC2311/UP,C_range,14,2.935714286,Dropped
283,4.17,9,NoAttempt,NoAttempt,15,3.74,Retained
284,3.67,24,MAC1147,A_range,15,3.533333333,Retained
285,4.09,23,MAC1147,C_range,11,2.090909091,Retained
286,4.57,18,MAC1147,B_range,13,3.623076923,Retained
287,3.43,6,MAC1147,A_range,14,3.421428571,Retained
288,3.27,9,MAC1147,B_range,14,3.035714286,Retained
289,4.32,88,NoAttempt,NoAttempt,14,2.685714286,Retained
290,4.05,9,MAC1147,A_range,13,4,Retained
291,3.6,4,NoAttempt,NoAttempt,12,3.025,Retained
292,6.01,46,MAC2311/UP,B_range,15,3.673333333,Retained
293,4.17,0,MAC1105/C,B_range,15,3,Retained
294,3.71,0,MAC1147,A_range,15,3.8,Retained
295,4.6,32,NoAttempt,NoAttempt,14,4,Retained
296,3.3,30,MAC1105/C,B_range,14,2.285714286,Retained
297,4.41,21,MAC1147,A_range,13,3.838461538,Retained
298,3.11,0,MAC1105/C,B_range,10,2.58,Retained
299,4.66,53,NoAttempt,NoAttempt,12,3.091666667,Retained
300,3.8,16,MAC1147,A_range,14,3.5,Dropped
301,3.96,0,MAC1147,B_range,12,3.108333333,Retained
302,4.45,56,MAC2311/UP,Withdrawn,8,2.2625,Dropped
303,2.84,10,MAC1147,B_range,14,3.435714286,Retained
304,4.22,32,MAC1147,A_range,13,4,Retained
305,4.04,42,MAC1140/14,B_range,14,2.857142857,Retained
306,4.36,9,MAC1147,C_range,15,3.126666667,Dropped
307,3.96,16,MAC1147,A_range,14,3.785714286,Dropped
308,2.98,13,MAC1105/C,B_range,13,2.530769231,Retained
309,3.09,0,MAC1147,Failed,14,1.735714286,Dropped
310,3.63,14,MAC1147,A_range,14,3.271428571,Retained
311,3.88,12,MAC1147,A_range,12,4,Retained
312,3.5,6,MAC1147,B_range,13,3.230769231,Retained
313,4.27,7,MAC2311/UP,Failed,13,2.169230769,Dropped
314,3.02,13,MAC1147,Failed,14,0.214285714,Dropped
315,4,61,MAC1147,B_range,13,3.161538462,Retained
316,4.37,63,NoAttempt,NoAttempt,14,4,Retained
317,3.93,0,MAC1147,C_range,14,2.7,Retained
318,3.93,12,NoAttempt,NoAttempt,14,3.285714286,Retained
319,2.9,0,MAC1147,Failed,15,1.986666667,Retained
320,3.23,0,MAC1147,C_range,14,2.557142857,Retained
321,3.27,12,MAC1147,Failed,8,1,Dropped
322,3.79,10,MAC2311/UP,A_range,12,3.825,Retained
323,2.38,9,MAC1105/C,Failed,13,1.084615385,Retained
324,4.25,66,NoAttempt,NoAttempt,13,3.469230769,Retained
326,3.6,13,MAC1147,Withdrawn,10,1.18,Dropped
327,4.36,15,MAC1147,A_range,12,4,Retained
328,4.51,9,MAC1147,A_range,12,3.675,Retained
329,4.2,27,MAC1147,A_range,12,3.658333333,Retained
330,4.03,3,MAC1147,Failed,12,2.108333333,Dropped
331,3.3,6,MAC1147,C_range,13,2.392307692,Retained
332,4.3,21,MAC1147,A_range,13,3.523076923,Retained
333,4.86,40,MAC1140/14,A_range,14,4,Retained
334,3.8,0,MAC1105/C,A_range,15,3.686666667,Retained
335,3.93,10,NoAttempt,NoAttempt,15,3.34,Retained
336,4.45,24,NoAttempt,NoAttempt,14,3.564285714,Retained
337,4.14,0,MAC1105/C,B_range,13,3.230769231,Retained
338,3.67,23,MAC1147,A_range,14,3.371428571,Retained
339,4.36,75,MAC2311/UP,A_range,13,3.607692308,Retained
340,2.542,4,MAC1147,C_range,13,0.615384615,Dropped
341,4,0,NoAttempt,NoAttempt,12,3.75,Retained
342,4.22,13,MAC2311/UP,C_range,14,3.428571429,Retained
343,3.52,9,MAC1147,Failed,14,1.285714286,Dropped
344,3.58,6,MAC1147,A_range,14,3.564285714,Retained
345,3.85,21,NoAttempt,NoAttempt,14,1.871428571,Dropped
346,3.39,0,NoAttempt,NoAttempt,14,3.285714286,Retained
347,3.95,14,MAC1147,B_range,14,2.807142857,Retained
348,3.33,18,NoAttempt,NoAttempt,12,1.075,Dropped
349,3.81,18,MAC1147,B_range,13,3.123076923,Retained
350,4.02,15,MAC1147,A_range,13,3.930769231,Retained
351,2.53,3,MAC1105/C,B_range,13,3.3,Retained
352,4.28,9,MAC1147,A_range,12,3.35,Retained
353,3.31,0,MAC1147,Withdrawn,3,0,Dropped
354,4.01,37,MAC1147,Withdrawn,9,1.666666667,Dropped
355,4.16,30,MAC2311/UP,C_range,15,3.353333333,Retained
356,3.6,3,MAC1105/C,A_range,13,3.769230769,Retained
357,3.77,15,MAC1147,B_range,15,2.813333333,Retained
358,3.8,31,MAC1147,A_range,15,3.86,Dropped
359,4.19,33,MAC2311/UP,C_range,12,2.241666667,Retained
360,3.26,0,NoAttempt,NoAttempt,12,2.425,Dropped
361,3.45,6,MAC1147,A_range,16,3.0625,Retained
362,3.3,0,MAC2311/UP,C_range,14,1.95,Retained
363,3.38,3,MAC1147,C_range,13,1.976923077,Retained
364,4.26,3,MAC1147,A_range,15,4,Retained
365,4.24,55,MAC2311/UP,A_range,13,3.246153846,Retained
366,3.77,9,MAC1105/C,C_range,11,1.063636364,Retained
367,4.32,0,MAC1105/C,A_range,14,3.042857143,Retained
368,3.5,4,NoAttempt,NoAttempt,13,0.484615385,Dropped
369,4.14,12,MAC2311/UP,B_range,12,3.591666667,Retained
370,3.74,12,MAC1147,A_range,14,3.235714286,Retained
371,3.33,3,MAC1147,B_range,15,2.353333333,Retained
372,4.2,10,NoAttempt,NoAttempt,13,2.230769231,Retained
373,4.77,26,MAC1147,B_range,13,3.484615385,Retained
374,3.45,9,MAC1105/C,Withdrawn,9,1.566666667,Retained
375,4.74,70,MAC2311/UP,A_range,14,3.764285714,Dropped
376,3.61,32,MAC1147,Failed,13,1.553846154,Retained
377,4.02,6,MAC1105/C,A_range,13,2.684615385,Retained
378,4,44,MAC1140/14,B_range,14,2.792857143,Dropped
379,3.68,6,MAC1147,A_range,16,2.5375,Retained
380,3.31,4,MAC1105/C,Failed,14,0.642857143,Retained
381,4.38,6,MAC2311/UP,C_range,14,3.15,Retained
382,4.38,24,MAC2311/UP,B_range,15,3.673333333,Retained
383,3.74,6,MAC2311/UP,Withdrawn,9,1.433333333,Retained
384,3.83,26,MAC1147,C_range,13,2.038461538,Retained
385,3.2,0,MAC1147,B_range,15,3.146666667,Retained
386,3.5,12,MAC1147,A_range,13,4,Retained
387,2.58,7,MAC1147,Failed,14,0,Retained
388,3.24,0,MAC1105/C,C_range,13,1.930769231,Retained
389,3.32,0,MAC1147,Withdrawn,3,1.7,Retained
390,3.68,0,MAC1147,C_range,13,1.884615385,Retained
391,4.063,32,MAC1147,A_range,12,4,Retained
392,3.92,36,MAC2311/UP,C_range,16,3.25625,Retained
393,3.1,0,MAC1105/C,Failed,10,2.29,Retained
394,3.1,0,MAC1105/C,B_range,8,3.5375,Retained
395,4.15,10,MAC1147,A_range,12,3.15,Retained
396,4.44,58,NoAttempt,NoAttempt,15,3.94,Retained
397,3.71,7,MAC1105/C,A_range,14,3.721428571,Retained
398,2.94,10,MAC1147,Failed,16,0.75625,Dropped
399,4.47,4,MAC2311/UP,Failed,12,2.341666667,Retained
400,3.5,0,MAC1147,Withdrawn,7,2.885714286,Retained
401,4.36,18,MAC1147,A_range,15,4,Retained
402,3.6,6,NoAttempt,NoAttempt,12,2.85,Dropped
403,3.65,0,MAC1105/C,B_range,13,2.861538462,Retained
404,3.57,0,MAC1147,C_range,10,2.54,Retained
405,2.98,0,MAC1147,C_range,13,2.438461538,Retained
406,3.91,6,MAC1105/C,B_range,15,2.72,Retained
407,4.22,45,MAC1147,B_range,16,3.75,Retained
408,4.51,6,MAC1105/C,A_range,12,3.575,Retained
409,3.5,28,MAC1147,B_range,13,3.207692308,Retained
410,4.22,12,MAC1147,B_range,12,3.183333333,Retained
411,3.92,23,MAC2311/UP,B_range,15,3.153333333,Retained
412,4.38,16,NoAttempt,NoAttempt,14,3.585714286,Retained
413,3.31,9,MAC1147,B_range,13,2.007692308,Retained
414,3,0,NoAttempt,NoAttempt,13,3.376923077,Dropped
415,4.66,45,NoAttempt,NoAttempt,14,3.592857143,Retained
416,4.62,30,NoAttempt,NoAttempt,15,4,Dropped
417,4.31,20,MAC1147,A_range,15,3.873333333,Retained
418,4,0,MAC1147,C_range,12,2.666666667,Retained
419,3.84,27,MAC1147,B_range,12,2.9,Retained
420,3.31,3,MAC1147,C_range,15,2.486666667,Retained
421,3.41,10,MAC2311/UP,Failed,11,2.009090909,Retained
422,3.49,0,MAC1105/C,Withdrawn,7,3.271428571,Retained
423,3.67,3,MAC1147,C_range,15,2.88,Retained
424,4.39,3,MAC1105/C,A_range,12,4,Retained
425,3.9,8,NoAttempt,NoAttempt,14,3.507142857,Dropped
426,4.11,12,MAC1147,A_range,16,3.7,Retained
427,3.12,3,NoAttempt,NoAttempt,12,2.825,Retained
428,3.48,0,NoAttempt,NoAttempt,12,3.175,Dropped
429,2.8,0,MAC1147,C_range,17,2.929411765,Retained
430,3.42,61,MAC2311/UP,Withdrawn,9,3.244444444,Retained
431,3.71,6,MAC1147,B_range,12,2.566666667,Retained
432,4.23,12,MAC1105/C,B_range,15,3.1,Retained
433,4.53,0,MAC1105/C,A_range,13,4,Retained
434,4,10,MAC1147,B_range,12,3.083333333,Retained
435,4.71,29,MAC2311/UP,C_range,12,2.95,Retained
436,3.54,0,MAC1147,C_range,10,2.72,Retained
437,3.89,27,MAC2311/UP,B_range,12,3.3,Retained
438,2.8,3,MAC1147,C_range,13,2.946153846,Retained
439,3.47,0,MAC1147,A_range,15,2.646666667,Retained
440,3.99,0,MAC1105/C,Failed,14,1.95,Retained
441,3.24,9,MAC1147,C_range,15,2.113333333,Retained
442,4.71,30,MAC2311/UP,A_range,13,3.769230769,Retained
443,4.66,13,NoAttempt,NoAttempt,13,4,Retained
444,3.57,0,MAC1105/C,B_range,13,2.676923077,Retained
445,3.53,14,MAC2311/UP,C_range,14,1.492857143,Dropped
446,4.3,25,MAC1140/14,A_range,12,3.366666667,Retained
447,3.2,0,MAC1147,B_range,13,2.838461538,Retained
448,3.52,0,MAC1147,B_range,14,2.714285714,Dropped
449,4.08,0,MAC1105/C,C_range,12,2.141666667,Retained
450,4,23,MAC1147,Failed,12,2.35,Retained
451,4.28,22,MAC2311/UP,B_range,14,3.735714286,Retained
452,3.57,32,MAC1147,Failed,12,0.25,Dropped
453,3.37,7,MAC1147,Withdrawn,11,0.481818182,Dropped
454,3.26,3,MAC1105/C,B_range,16,2.56875,Retained
455,5.06,28,MAC1140/14,A_range,13,4,Retained
456,3.56,4,MAC2311/UP,A_range,15,4,Dropped
457,4.5,57,NoAttempt,NoAttempt,14,4,Retained
458,3.37,10,NoAttempt,NoAttempt,13,2.084615385,Retained
459,4.55,89,NoAttempt,NoAttempt,15,1.853333333,Retained
460,3.8,43,NoAttempt,NoAttempt,14,3.528571429,Retained
461,4.26,12,MAC2311/UP,Withdrawn,11,3,Retained
462,4.06,30,MAC1147,B_range,14,3.5,Retained
463,4.48,51,MAC2311/UP,C_range,13,3.176923077,Retained
464,4.14,21,MAC1147,A_range,13,3.376923077,Retained
465,3.2,19,MAC1147,C_range,12,2.858333333,Retained
466,4.2,10,NoAttempt,NoAttempt,13,3.861538462,Retained
467,4.25,18,MAC1147,A_range,14,3.785714286,Retained
468,3.59,0,NoAttempt,NoAttempt,13,3.069230769,Dropped
469,3.61,13,MAC1147,A_range,13,3.530769231,Retained
470,4.15,9,MAC1147,B_range,12,3.258333333,Retained
471,4.24,21,MAC2311/UP,A_range,16,3.8875,Retained
472,3,0,MAC1147,A_range,16,3.94375,Retained
473,3.88,3,MAC1147,A_range,16,3.36875,Retained
474,3.06,9,MAC1147,C_range,13,1.9,Retained
475,4.5,30,MAC1147,A_range,12,3.975,Retained
476,3.2,56,MAC1105/C,C_range,14,2.142857143,Retained
477,3.7,29,MAC2311/UP,B_range,14,2.514285714,Retained
478,2.61,6,MAC1147,Withdrawn,4,1.425,Dropped
479,4.21,18,MAC1147,A_range,13,3.538461538,Retained
480,4.6,19,MAC1147,A_range,15,3.72,Retained
481,3.81,0,MAC1147,B_range,12,3,Retained
482,2.38,3,NoAttempt,NoAttempt,12,1.75,Dropped
483,3.46,18,MAC1147,B_range,14,3.364285714,Retained
484,4.48,10,NoAttempt,NoAttempt,13,3.769230769,Retained
485,3.1,0,MAC1147,B_range,12,3.158333333,Retained
486,3.67,0,MAC1147,Withdrawn,10,2.4,Retained
487,4.1,22,MAC1105/C,A_range,14,3.85,Dropped
488,3.22,0,MAC1105/C,Failed,13,2.476923077,Retained
489,3.74,12,MAC1147,B_range,13,2.469230769,Retained
490,3.63,0,MAC1105/C,B_range,14,3.171428571,Retained
491,2.03,0,MAC1105/C,Failed,4,1.3,Dropped
492,4.19,21,MAC2311/UP,A_range,10,3.4,Retained
493,3.48,14,MAC1105/C,Failed,15,2.22,Dropped
494,3.91,12,MAC1147,B_range,14,3.2,Retained
495,3.21,0,MAC1105/C,Withdrawn,1,2,Dropped
496,4.24,25,MAC2311/UP,Failed,14,2.228571429,Retained
497,4.15,0,MAC2311/UP,A_range,14,3.571428571,Retained
498,3.49,0,MAC1105/C,A_range,15,4,Retained
499,4.4,53,NoAttempt,NoAttempt,11,3.536363636,Retained
500,3.88,3,MAC1105/C,B_range,13,2.792307692,Retained
501,4.18,35,NoAttempt,NoAttempt,13,2.615384615,Retained
502,3.77,12,NoAttempt,NoAttempt,14,2.407142857,Retained
503,4.8,4,MAC2311/UP,A_range,15,3.86,Retained
504,4.42,12,MAC1147,C_range,14,2.964285714,Retained
505,3.44,0,MAC1105/C,B_range,12,3.175,Retained
506,4.07,3,MAC1105/C,A_range,15,3.64,Retained
507,2.79,19,NoAttempt,NoAttempt,14,2.292857143,Retained
508,3.62,15,MAC1147,A_range,15,3.613333333,Dropped
509,3.32,3,MAC1147,Failed,10,0.6,Dropped
510,4.04,18,MAC1105/C,B_range,14,3.157142857,Retained
511,4.32,21,MAC1147,A_range,12,4,Retained
512,4.04,25,MAC1147,Failed,14,3.057142857,Retained
513,3.83,0,MAC1147,A_range,14,3.564285714,Retained
514,3.99,21,MAC2311/UP,B_range,13,2.815384615,Retained
515,4.53,28,MAC2311/UP,A_range,11,3.345454545,Retained
516,3.77,0,MAC1147,C_range,15,2.06,Retained
517,3,0,MAC1105/C,B_range,14,3,Retained
518,4.17,15,MAC1105/C,A_range,13,3.230769231,Retained
519,3.91,6,NoAttempt,NoAttempt,14,3.071428571,Retained
520,2.5,8,MAC1147,C_range,12,1.916666667,Retained
521,3.04,18,MAC1147,Failed,7,1.171428571,Dropped
522,3.41,6,MAC1147,A_range,12,3.575,Dropped
523,4.6,9,MAC1147,B_range,12,3.108333333,Retained
524,4.18,12,MAC1147,Failed,14,1.921428571,Retained
525,4.7,51,NoAttempt,NoAttempt,12,2.575,Retained
526,3.02,0,MAC1147,A_range,13,3.930769231,Retained
527,4.45,15,NoAttempt,NoAttempt,14,3.871428571,Retained
528,4.21,33,MAC1147,B_range,15,3.066666667,Retained
529,3.52,15,MAC2311/UP,Failed,14,2.657142857,Dropped
530,3.36,0,NoAttempt,NoAttempt,13,2.307692308,Dropped
531,3.25,0,MAC1105/C,Failed,11,1.009090909,Dropped
532,5.02,32,MAC2311/UP,A_range,14,4,Retained
533,3.79,15,MAC1147,B_range,15,3.28,Retained
534,3.6,9,MAC1147,Withdrawn,4,3.275,Retained
535,4.47,28,MAC1147,B_range,12,2.908333333,Retained
536,3.11,5,MAC1147,C_range,12,0.816666667,Dropped
537,4.17,28,NoAttempt,NoAttempt,14,3.078571429,Retained
538,4.17,24,MAC1105/C,B_range,15,3.226666667,Retained
539,4.36,9,MAC1147,A_range,13,3.930769231,Retained
540,3.8,9,MAC1147,B_range,14,3.05,Retained
541,4.14,6,MAC1105/C,B_range,13,3.392307692,Retained
542,3.3,0,MAC1147,Failed,8,1.5,Dropped
543,3.74,79,MAC2311/UP,C_range,13,2,Retained
544,3.44,7,MAC1105/C,B_range,14,2,Dropped
545,3.2,14,MAC1147,Failed,13,1.546153846,Dropped
546,3.65,9,MAC1147,B_range,14,2.771428571,Retained
547,4.54,39,MAC2311/UP,A_range,15,3.94,Retained
548,4.59,29,MAC2311/UP,A_range,12,3.825,Dropped
549,2.81,4,MAC1105/C,Withdrawn,6,0.5,Dropped
550,4.38,77,MAC1140/14,B_range,14,3.107142857,Retained
551,3.46,12,MAC2311/UP,Failed,14,2.128571429,Dropped
552,4.03,44,MAC1140/14,B_range,14,3.421428571,Retained
553,3.39,10,MAC1147,C_range,11,1.927272727,Retained
554,3.51,0,MAC1147,A_range,14,4,Retained
555,2.89,0,MAC1105/C,Failed,7,0,Dropped
556,3.18,23,MAC2311/UP,Failed,14,1.828571429,Retained
557,2.83,4,MAC1147,A_range,11,1.454545455,Dropped
559,3.22,21,MAC2311/UP,C_range,13,2.692307692,Retained
560,3.19,6,MAC1105/C,B_range,12,3.141666667,Retained
561,3.5,9,MAC1147,C_range,14,2.021428571,Dropped
562,3.94,18,MAC1147,Withdrawn,8,3.2375,Retained
563,3.55,16,MAC2311/UP,Withdrawn,9,1.9,Dropped
564,4.48,24,MAC2311/UP,C_range,12,3.041666667,Retained
565,4.51,40,MAC1147,C_range,13,3.084615385,Retained
566,3.59,0,MAC1147,C_range,13,2.323076923,Retained
567,3.46,0,MAC1105/C,B_range,13,3.392307692,Dropped
568,3.92,26,MAC1147,B_range,12,3.108333333,Retained
569,3.34,4,MAC1147,Failed,11,0.472727273,Dropped
570,3.66,18,MAC2311/UP,Failed,7,0.857142857,Dropped
571,4.25,6,MAC1147,C_range,15,2.74,Dropped
572,4.32,60,NoAttempt,NoAttempt,12,2.983333333,Retained
573,3.07,0,MAC1147,C_range,14,2.364285714,Retained
574,3.27,0,MAC1147,Withdrawn,7,1.828571429,Retained
575,4.53,28,MAC1147,A_range,14,4,Retained
576,3.45,9,MAC1105/C,B_range,9,2.9,Retained
577,3.71,7,MAC2311/UP,C_range,14,2.928571429,Retained
578,4.05,3,MAC1147,Withdrawn,6,2.65,Retained
579,4.28,3,MAC1147,B_range,14,3.428571429,Retained
580,4.23,39,NoAttempt,NoAttempt,14,3.85,Retained
581,2.91,7,MAC1147,Failed,12,2.283333333,Retained
582,3.5,0,MAC1105/C,Withdrawn,6,0,Dropped
583,3.66,6,NoAttempt,NoAttempt,13,2.538461538,Retained
584,3.8,0,NoAttempt,NoAttempt,3,0,Dropped
585,4.38,28,MAC2311/UP,Failed,11,0.754545455,Retained
586,4.25,22,MAC1147,C_range,12,2.683333333,Retained
587,4.58,33,MAC2311/UP,A_range,12,3.658333333,Retained
588,4.97,29,NoAttempt,NoAttempt,15,3.2,Retained
589,3.77,3,MAC1147,Withdrawn,3,0,Dropped
590,3.31,1,MAC1105/C,Withdrawn,4,1,Dropped
591,4.32,29,MAC1140/14,C_range,15,2.78,Retained
592,3.2,9,MAC2311/UP,C_range,16,2.9,Retained
593,4.78,12,MAC1147,Failed,13,1.384615385,Retained
594,4.91,0,MAC1105/C,B_range,15,2.653333333,Retained
595,4.22,22,MAC1147,A_range,13,3.930769231,Retained
596,3.59,39,MAC1147,Withdrawn,9,1.333333333,Dropped
597,4.05,0,MAC1147,B_range,14,2.928571429,Retained
598,4.34,23,MAC1147,A_range,16,3.625,Retained
599,3.15,10,MAC1105/C,B_range,14,1.864285714,Retained
600,4.59,48,MAC2311/UP,B_range,12,3.408333333,Retained
601,4.15,3,MAC1147,A_range,13,3.930769231,Retained
602,4.46,7,MAC1140/14,A_range,15,3.88,Retained
603,3.21,0,MAC1105/C,C_range,16,2.2625,Retained
604,4.47,39,MAC2311/UP,A_range,16,3.86875,Retained
605,3.97,24,MAC2311/UP,Failed,13,2.707692308,Retained
606,4.8,19,MAC2311/UP,A_range,14,4,Retained
607,4.22,0,MAC1147,A_range,16,3.8125,Retained
608,3.89,29,MAC2311/UP,A_range,16,4,Retained
609,4.2,14,MAC1147,A_range,14,3.785714286,Retained
610,4,12,MAC1147,A_range,15,3.92,Retained
611,3.6,19,MAC2311/UP,B_range,13,2.907692308,Retained
612,3.56,0,NoAttempt,NoAttempt,12,3.1,Retained
613,3.67,12,MAC1147,Failed,15,1.673333333,Retained
614,3.2,0,MAC1105/C,A_range,13,3.138461538,Retained
615,3.45,9,MAC1147,Failed,8,1.2375,Retained
616,4.01,7,NoAttempt,NoAttempt,16,3.31875,Retained
617,3.56,12,MAC1140/14,B_range,12,3.175,Retained
618,4.6,28,MAC2311/UP,A_range,15,3.18,Retained
619,3.03,0,MAC1147,Withdrawn,14,2.007142857,Retained
620,3.5,10,MAC1147,B_range,10,3,Retained
621,3.52,20,NoAttempt,NoAttempt,12,2.1,Retained
622,3.86,42,MAC2311/UP,B_range,15,3.626666667,Retained
623,3.21,7,MAC1105/C,C_range,10,3.2,Retained
624,3.74,0,MAC1147,C_range,13,1.676923077,Retained
625,3.85,31,NoAttempt,NoAttempt,15,4,Retained
626,3.41,8,MAC1147,B_range,9,2.566666667,Retained
627,5.2,70,MAC2311/UP,A_range,15,4,Retained
628,3.8,24,MAC1147,Failed,15,1.28,Retained
629,3.92,45,MAC1147,B_range,12,2.741666667,Dropped
630,3.655,0,MAC1147,C_range,14,1.742857143,Dropped
631,4.47,30,MAC2311/UP,B_range,14,3.65,Retained
632,4.21,0,MAC1147,A_range,14,2.992857143,Retained
633,3.23,10,MAC1147,B_range,12,2.691666667,Retained
634,3.91,3,MAC1147,A_range,17,3.823529412,Retained
635,3.5,13,MAC1147,Withdrawn,13,2.630769231,Retained
636,3.4,0,MAC1147,C_range,11,2.1,Retained
637,3.58,12,MAC1147,Failed,16,1.0125,Dropped
638,4.12,84,NoAttempt,NoAttempt,12,3.341666667,Retained
639,4.9,55,NoAttempt,NoAttempt,14,3.85,Retained
640,2.9,8,MAC1147,Failed,14,1.285714286,Dropped
641,3.33,9,MAC1147,Failed,13,1.846153846,Retained
642,4.15,3,MAC1147,C_range,13,2.069230769,Retained
643,3.83,6,MAC1105/C,Withdrawn,0,0,Dropped
644,3.48,31,MAC1105/C,C_range,15,2.94,Retained
645,4.16,15,MAC1147,Failed,13,2.753846154,Retained
646,3.37,6,MAC2311/UP,Failed,13,0,Retained
647,3.71,6,MAC1140/14,Withdrawn,7,1.985714286,Retained
648,3.13,0,MAC1147,A_range,13,3.284615385,Retained
649,3.77,4,MAC2311/UP,A_range,14,3.285714286,Retained
650,3.17,13,MAC1147,Failed,14,1.357142857,Retained
651,3.09,12,MAC1105/C,Failed,15,1.193333333,Dropped
652,4.29,60,NoAttempt,NoAttempt,16,3.325,Retained
653,4.57,15,MAC2311/UP,A_range,14,3.935714286,Retained
654,3.56,21,MAC1147,A_range,12,3.083333333,Retained
655,3.09,6,MAC1147,Failed,13,0.461538462,Dropped
656,4.3,67,NoAttempt,NoAttempt,15,4,Dropped
657,3.1,0,MAC1105/C,B_range,14,3.214285714,Retained
658,3,3,MAC1147,B_range,11,2.9,Dropped
659,3.9,0,MAC1147,C_range,12,1.741666667,Retained
660,3,0,MAC1105/C,B_range,16,3.05625,Retained
661,4.62,62,MAC2311/UP,A_range,12,3.9,Retained
662,4.5,28,MAC2311/UP,A_range,14,3.85,Dropped
663,4.11,18,MAC1147,B_range,14,2.721428571,Retained
664,3.78,18,MAC1147,A_range,12,3.325,Retained
665,4.45,12,MAC1147,A_range,12,3.141666667,Retained
666,3.63,25,MAC2311/UP,B_range,14,3.735714286,Retained
667,3.66,18,MAC1147,A_range,12,3.675,Retained
668,4.24,12,MAC2311/UP,Failed,13,2.215384615,Retained
669,4.18,11,MAC1147,Failed,15,1.553333333,Dropped
670,4.23,37,MAC1147,A_range,15,3.526666667,Retained
671,3.27,9,MAC1147,Failed,13,0.769230769,Dropped
672,4.51,9,MAC1105/C,A_range,14,3.571428571,Retained
673,3.13,0,MAC1147,C_range,16,3.0125,Retained
674,4.54,35,MAC2311/UP,Failed,12,2.233333333,Retained
675,3.07,3,MAC1147,Withdrawn,6,1.35,Retained
676,2.47,6,MAC1147,Withdrawn,9,2.1,Dropped
677,4.07,48,MAC1147,C_range,12,2.866666667,Retained
678,2.75,4,MAC1105/C,Failed,14,0.285714286,Dropped
679,4.08,60,MAC2311/UP,C_range,14,3.278571429,Retained
680,3.71,0,MAC1105/C,C_range,12,1.908333333,Retained
681,3.46,30,MAC1147,A_range,15,3.86,Retained
682,3.77,10,MAC1105/C,Failed,14,1.528571429,Retained
683,4,3,MAC1147,A_range,14,3.571428571,Retained
684,3.36,27,MAC1147,Failed,12,1.416666667,Dropped
685,4.25,32,MAC1147,Withdrawn,10,2.59,Retained
686,4.18,62,NoAttempt,NoAttempt,12,3.066666667,Dropped
687,3.9,49,MAC2311/UP,A_range,15,3.66,Retained
688,3.5,18,MAC1147,B_range,12,3.208333333,Retained
689,4.18,60,MAC2311/UP,A_range,15,3.6,Retained
690,3.6,6,MAC1147,A_range,13,3.007692308,Retained
691,3.93,62,MAC1147,A_range,13,3.076923077,Retained
692,3.1,0,MAC1147,C_range,14,2.5,Retained
693,4.16,6,MAC1147,A_range,14,3.421428571,Retained
694,3.54,0,MAC1147,C_range,13,2.046153846,Retained
695,4.1,6,MAC2311/UP,B_range,13,3.484615385,Retained
696,4.38,39,MAC1147,A_range,13,3.838461538,Retained
697,4.44,3,MAC1147,Withdrawn,9,0,Dropped
698,2.73,6,MAC1147,Withdrawn,12,1.6,Retained
699,3.66,16,MAC2311/UP,Withdrawn,10,2.92,Retained
700,4.53,11,MAC2311/UP,A_range,15,3.72,Retained
701,3.79,7,MAC1147,Failed,15,0.866666667,Dropped
702,3.2,0,MAC1140/14,A_range,12,4,Dropped
703,3.21,0,MAC1105/C,Withdrawn,10,2.12,Retained
704,4.79,71,NoAttempt,NoAttempt,14,3.785714286,Retained
705,3.52,0,NoAttempt,NoAttempt,12,3.6,Retained
706,3.71,0,MAC1105/C,A_range,14,2.492857143,Retained
707,4,9,MAC1147,Withdrawn,10,2.86,Retained
708,3.16,12,MAC1147,B_range,13,3.553846154,Retained
709,3.67,0,NoAttempt,NoAttempt,13,3.307692308,Retained
710,3.95,0,MAC1147,B_range,14,3.414285714,Retained
711,4.1,73,NoAttempt,NoAttempt,13,4,Retained
712,3.87,0,MAC1105/C,A_range,14,2.978571429,Retained
713,4.23,68,MAC2311/UP,A_range,13,3.692307692,Retained
714,3.53,7,MAC1105/C,C_range,13,2.161538462,Retained
715,3.67,0,MAC1105/C,Withdrawn,4,0,Dropped
716,3.9,3,MAC1147,B_range,7,1.542857143,Dropped
717,3.83,0,MAC1147,B_range,16,3.43125,Retained
718,4.02,12,MAC1147,Withdrawn,8,2.4875,Retained
719,4.08,6,MAC1147,A_range,14,3.935714286,Retained
720,3.15,12,NoAttempt,NoAttempt,10,2.23,Retained
721,4.465,44,MAC2311/UP,B_range,15,3.073333333,Retained
722,3.86,6,MAC1105/C,C_range,14,2.885714286,Retained
723,4.5,13,MAC1105/C,Failed,14,2.085714286,Retained
724,3.68,57,MAC1147,Withdrawn,0,0,Dropped
725,3.54,0,MAC1105/C,C_range,15,2.82,Dropped
726,3.4,0,MAC1147,A_range,16,3.75625,Retained
727,3.61,74,MAC1147,C_range,15,2.326666667,Retained
728,4.33,34,MAC1147,A_range,12,3.75,Retained
729,2.81,4,MAC1147,Failed,12,1.4,Retained
730,3.82,27,MAC1147,Failed,14,2.714285714,Dropped
731,3.08,9,MAC1147,Failed,13,0.923076923,Dropped
732,2.51,0,MAC1105/C,C_range,14,1.657142857,Retained
733,2.94,6,MAC1147,Withdrawn,8,1.1125,Retained
734,3.61,0,NoAttempt,NoAttempt,13,2.569230769,Dropped
735,3.79,0,MAC1147,A_range,15,3.093333333,Retained
736,3.78,16,MAC2311/UP,A_range,17,3.717647059,Retained
737,3.19,12,MAC1147,C_range,13,1.930769231,Retained
738,4.39,15,MAC2311/UP,A_range,15,3.86,Retained
739,2.75,0,MAC1105/C,C_range,14,2.214285714,Retained
740,4.18,21,MAC1147,C_range,15,2.333333333,Dropped
741,3.03,0,MAC1105/C,B_range,14,2.435714286,Retained
742,3,3,MAC1147,B_range,14,3.535714286,Retained
743,4.56,7,MAC1105/C,B_range,12,3.408333333,Retained
744,4.13,68,MAC2311/UP,B_range,14,3.521428571,Retained
745,4.22,19,MAC2311/UP,Failed,13,1.776923077,Retained
746,3.44,48,NoAttempt,NoAttempt,13,2.992307692,Retained
747,4.43,24,MAC1140/14,A_range,12,3.433333333,Retained
748,4.44,34,NoAttempt,NoAttempt,12,3.666666667,Retained
749,4.51,74,NoAttempt,NoAttempt,15,3.106666667,Retained
750,3.74,15,MAC1147,A_range,16,3.55,Dropped
751,2.83,0,MAC1105/C,Failed,13,2.146153846,Retained
752,2.8,7,MAC1105/C,Failed,13,0.7,Dropped
753,4.25,10,MAC2311/UP,B_range,13,3.023076923,Retained
754,3.47,7,MAC1105/C,B_range,13,3.3,Retained
755,4.29,13,NoAttempt,NoAttempt,13,4,Retained
756,4.23,19,MAC1147,A_range,13,3.384615385,Retained
757,3.46,6,MAC1147,B_range,13,3.184615385,Retained
758,3.67,0,MAC1105/C,B_range,14,3.428571429,Retained
759,4.48,11,MAC2311/UP,A_range,14,3.764285714,Retained
760,4.5,36,NoAttempt,NoAttempt,14,3.507142857,Retained
761,4.11,19,MAC1147,A_range,14,3.478571429,Retained
762,3.1,1,MAC1147,Failed,14,0.235714286,Dropped
763,4.97,25,MAC2311/UP,A_range,14,3.635714286,Retained
764,4.03,12,MAC1105/C,A_range,14,3.564285714,Retained
765,2.97,2,MAC1147,Withdrawn,5,0,Retained
766,4.25,22,MAC1147,A_range,15,3.66,Retained
767,3.43,6,MAC1147,C_range,13,1.676923077,Dropped
768,4.41,30,MAC1147,B_range,13,3.161538462,Retained
769,4,16,MAC2311/UP,A_range,16,4,Retained
770,3.16,0,MAC1105/C,Failed,10,1.99,Dropped
771,2.97,6,MAC1147,B_range,13,3.184615385,Retained
772,3.4,10,MAC1147,Failed,14,1.785714286,Dropped
773,4.635,35,MAC2311/UP,A_range,16,3.94375,Retained
774,3.6,57,MAC2311/UP,A_range,12,3.525,Retained
775,3.56,3,MAC1147,A_range,14,2.428571429,Retained
776,3.42,24,MAC2311/UP,Failed,15,2.693333333,Retained
777,4.11,24,MAC1147,A_range,15,3.133333333,Retained
778,3.9,2,MAC1105/C,C_range,14,1.992857143,Retained
779,4.46,61,MAC1147,C_range,15,3.033333333,Retained
780,4.88,42,MAC2311/UP,A_range,13,4,Dropped
781,4.24,23,MAC2311/UP,B_range,12,3.283333333,Retained
782,3.5,4,MAC2311/UP,A_range,13,3.284615385,Dropped
783,4.04,0,MAC1147,Failed,14,2.021428571,Retained
784,3.68,60,MAC2311/UP,C_range,13,2.692307692,Retained
785,4.68,21,MAC1147,A_range,15,3.473333333,Retained
786,3.23,0,MAC1147,C_range,15,2.84,Dropped
787,4.7,0,MAC1147,A_range,14,4,Retained
788,3.1,18,MAC1147,A_range,12,3.825,Retained
789,4.29,77,MAC2311/UP,A_range,15,3.486666667,Retained
790,4.36,30,MAC2311/UP,B_range,12,3.416666667,Retained
791,4.22,60,MAC2311/UP,B_range,15,2.06,Dropped
792,3.48,16,NoAttempt,NoAttempt,12,3,Retained
793,4,15,MAC1147,A_range,15,3.86,Retained
794,4.25,16,MAC1147,A_range,12,3.316666667,Retained
795,4.03,6,MAC1147,A_range,13,3.538461538,Retained
796,3.61,9,MAC1147,B_range,14,3.585714286,Retained
797,3.91,0,MAC1147,A_range,13,3.769230769,Retained
798,4.34,19,MAC2311/UP,C_range,12,2.491666667,Retained
799,3.46,0,MAC1105/C,B_range,14,3.064285714,Retained
800,3.01,0,MAC1105/C,Withdrawn,0,0,Dropped
801,4.76,0,MAC1147,Withdrawn,0,0,Dropped
802,4.13,30,MAC1147,B_range,15,2.86,Retained
803,3.04,3,MAC1147,A_range,16,3.04375,Retained
804,4.39,12,MAC1147,A_range,14,2.921428571,Retained
805,3.65,6,MAC1140/14,B_range,16,3.31875,Retained
806,3.4,0,MAC1147,C_range,13,2.415384615,Dropped
807,3.63,16,MAC1147,C_range,14,2.321428571,Retained
808,3.42,30,MAC1140/14,B_range,12,3.35,Retained
809,3.67,7,MAC2311/UP,A_range,15,3.66,Retained
810,3.09,0,MAC1147,Failed,13,1.153846154,Retained
811,3.1,12,MAC1105/C,B_range,15,2.413333333,Dropped
812,3.41,6,NoAttempt,NoAttempt,12,4,Retained
813,3.89,19,MAC2311/UP,B_range,15,3.053333333,Retained
814,3.9,16,MAC2311/UP,A_range,14,3.871428571,Retained
815,4.22,16,MAC1105/C,A_range,15,3.933333333,Retained
816,4,64,MAC2311/UP,B_range,13,3.715384615,Retained
817,4.04,28,MAC1140/14,A_range,13,4,Retained
818,2.97,0,NoAttempt,NoAttempt,3,4,Dropped
819,4.2,42,MAC1147,A_range,13,3.446153846,Retained
820,4.31,19,MAC2311/UP,A_range,14,3.85,Retained
821,3.86,3,MAC1147,Withdrawn,10,2.3,Retained
822,3.96,19,NoAttempt,NoAttempt,12,3.325,Retained
823,3.32,10,MAC2311/UP,Failed,15,1.233333333,Dropped
824,3.68,28,MAC2311/UP,Withdrawn,8,2.7625,Retained
825,3.79,6,MAC1105/C,Failed,11,0,Dropped
826,3.75,10,MAC1140/14,Failed,13,1.907692308,Retained
827,4.05,15,MAC2311/UP,B_range,14,3,Dropped
828,3.98,42,MAC1147,C_range,14,2.642857143,Retained
829,2.94,5,MAC1147,B_range,14,0.864285714,Dropped
830,4.3,6,MAC1147,B_range,14,3.514285714,Retained
831,4.44,52,MAC1147,A_range,13,3.769230769,Retained
832,4.13,0,MAC2311/UP,Failed,14,2.285714286,Retained
833,4.86,10,MAC1147,A_range,13,3.7,Retained
834,3.26,6,MAC1147,B_range,14,2.985714286,Retained
835,4.52,0,MAC1105/C,A_range,14,3.521428571,Retained
836,3.5,0,NoAttempt,NoAttempt,16,3.7125,Dropped
837,3.8,5.5,MAC1105/C,A_range,16,3.8875,Dropped
838,3.76,6,MAC1147,C_range,14,2.871428571,Retained
839,3.4,3,MAC1105/C,B_range,13,3.484615385,Retained
840,4.08,24,NoAttempt,NoAttempt,12,1.225,Dropped
841,3.59,25,MAC1147,A_range,15,3.613333333,Retained
842,3.65,24,MAC1147,A_range,16,4,Retained
843,3.72,25,NoAttempt,NoAttempt,13,3.476923077,Retained
844,3.76,0,MAC1147,A_range,14,3.871428571,Retained
845,3.18,6,MAC1147,B_range,14,2.985714286,Retained
846,3.91,9,MAC1147,A_range,15,3.74,Retained
847,3.5,0,MAC1105/C,B_range,14,2.835714286,Retained
848,4.52,21,MAC1147,A_range,14,3.635714286,Retained
849,3.09,6,MAC1147,Failed,10,0.6,Retained
850,3.65,0,MAC1105/C,B_range,14,3.078571429,Retained
851,3.76,0,MAC1147,B_range,14,2.985714286,Retained
852,2.47,0,MAC1147,Withdrawn,3,0,Dropped
853,3.2,3,MAC1147,Withdrawn,6,0.5,Dropped
854,3.57,0,MAC1147,C_range,14,2.628571429,Dropped
855,3.5,9,MAC1105/C,B_range,8,3.1625,Retained
856,3.9,15,MAC1147,A_range,12,3.225,Retained
857,3.68,16,MAC1147,A_range,12,3.666666667,Retained
858,4.57,9,MAC1147,A_range,14,3.7,Retained
859,3.05,12,MAC1147,C_range,12,2.775,Retained
860,4.25,36,NoAttempt,NoAttempt,17,3.564705882,Retained
861,3.1,12,MAC1105/C,Failed,13,0.853846154,Dropped
862,4.07,28,MAC2311/UP,B_range,13,3.5,Retained
863,3.99,18,MAC1147,Failed,15,1.873333333,Dropped
864,3.31,7,MAC1105/C,A_range,13,3.7,Retained
865,3.76,20,MAC1147,C_range,12,2.516666667,Retained
866,3.9,13,MAC1147,A_range,14,2.707142857,Retained
867,5.25,48,NoAttempt,NoAttempt,12,3.825,Retained
868,3.91,0,MAC2311/UP,A_range,14,3.935714286,Retained
869,4.18,12,MAC1147,B_range,14,3.321428571,Retained
870,4.6,3,MAC1147,B_range,12,3.358333333,Dropped
871,3.5,0,MAC1147,A_range,15,4,Retained
872,4.7,32,MAC2311/UP,B_range,13,3.476923077,Retained
873,4.1,10,MAC2311/UP,A_range,16,3.38125,Retained
875,3.47,0,MAC1105/C,B_range,10,3.09,Retained
876,4.29,0,MAC1147,Failed,13,2.615384615,Retained
877,4.6,60,MAC1147,C_range,13,2.415384615,Retained
878,4.1,21,MAC1147,A_range,13,3.584615385,Retained
879,3.68,0,MAC1105/C,B_range,12,2.425,Retained
880,3,0,MAC1147,C_range,10,1.28,Retained
881,4.33,15,MAC1147,A_range,13,3.769230769,Retained
882,3.8,0,MAC1105/C,A_range,12,4,Retained
883,3.77,60,MAC1147,B_range,14,3.071428571,Retained
884,3.84,38,MAC2311/UP,Withdrawn,10,0.99,Dropped
885,2.6,0,MAC1147,B_range,13,3.392307692,Retained
886,4.56,0,MAC1105/C,B_range,14,2.642857143,Retained
887,3.2,11,MAC1147,Failed,14,0.871428571,Dropped
888,3,1,MAC1147,Failed,9,0.444444444,Dropped
889,4.52,3,NoAttempt,NoAttempt,13,2.846153846,Retained
890,4.27,0,MAC1147,C_range,11,1.718181818,Dropped
891,3.11,6,MAC1105/C,Failed,12,0,Retained
892,3.4,0,NoAttempt,NoAttempt,14,2.771428571,Retained
893,4.31,36,MAC2311/UP,B_range,13,3.392307692,Retained
894,3.5,0,MAC1105/C,A_range,14,2.942857143,Dropped
895,3.81,0,MAC1105/C,B_range,13,3.253846154,Retained
896,3.9,22,MAC1147,C_range,14,3.15,Retained
897,4.47,19,MAC2311/UP,B_range,15,3.333333333,Retained
898,4.08,11,NoAttempt,NoAttempt,14,2.414285714,Retained
899,3.9,0,MAC1105/C,A_range,13,3.284615385,Retained
900,4.17,24,MAC1147,B_range,14,2.757142857,Retained
901,3.98,12,MAC1147,C_range,15,2.8,Dropped
902,3.28,7,MAC2311/UP,Failed,15,1.646666667,Retained
903,2.68,0,MAC1147,A_range,14,3.785714286,Retained
904,3.11,0,MAC1147,A_range,14,3.064285714,Retained
905,3.5,0,MAC1105/C,B_range,13,3.246153846,Retained
906,3.35,8,MAC1105/C,Failed,12,0.941666667,Retained
907,3.96,12,MAC1147,Failed,15,1.713333333,Dropped
908,4.08,53,NoAttempt,NoAttempt,12,3.925,Retained
909,3.79,3,MAC1105/C,A_range,14,3.421428571,Retained
910,3.82,3,MAC1147,B_range,12,3.333333333,Retained
911,4.39,25,MAC1147,A_range,15,3.753333333,Retained
